[
    {
        "nome": "Giulia",
        "cpf": "54510468830",
        "data_nascimento": "09/03/2009",
        "endereco": "Av. Presidente Joao Goulart",
        "telefone": "11937441603",
        "email": "igorznog@gmail.com"
    },
    {
        "nome": "Gustavo",
        "cpf": "53201350842",
        "data_nascimento": "05/10/2009",
        "endereco": "Av. Presidente Joao Goulart",
        "telefone": "11999329255",
        "email": "gubugatti@gmail.com"
    },
    {
        "nome": "Giulia",
        "cpf": "53201390801",
        "data_nascimento": "09/02/2007",
        "endereco": "",
        "telefone": "",
        "email": ""
    },
    {
        "nome": "Franceline",
        "cpf": "27399519811",
        "data_nascimento": "04/05/1979",
        "endereco": "Av. Presidente Joao Goulart",
        "telefone": "11999956621",
        "email": "fran04@gmail.com"
    },
    {
        "nome": "Renato",
        "cpf": "18715755835",
        "data_nascimento": "08/07/1974",
        "endereco": "Av. Rua Das Flores 123",
        "telefone": "11999387268",
        "email": "renato@hotmail.com"
    },
    {
        "nome": "Elias",
        "cpf": "51346875871",
        "data_nascimento": "04/05/2009",
        "endereco": "Rua Jardim Europa 87",
        "telefone": "11989812233",
        "email": "rrr@gmail.com"
    }
]