[
    {
        "cpf_cliente": "54510468830",
        "tipo": "Vida",
        "dados": {
            "valor_segurado": 100000.0,
            "beneficiarios": [
                "Juliana",
                "Mariana"
            ]
        }
    },
    {
        "cpf_cliente": "54510468830",
        "tipo": "Residencial",
        "dados": {
            "endereco": "Av. Presidente Joao Goulart",
            "valor": 15000.0
        }
    },
    {
        "cpf_cliente": "53201390801",
        "tipo": "Vida",
        "dados": {
            "valor_segurado": 90000.0,
            "beneficiarios": []
        }
    },
    {
        "cpf_cliente": "27399519811",
        "tipo": "Vida",
        "dados": {
            "valor_segurado": 1000.0,
            "beneficiarios": []
        }
    },
    {
        "cpf_cliente": "53201350842",
        "tipo": "Vida",
        "dados": {
            "valor_segurado": 100000.0,
            "beneficiarios": []
        }
    },
    {
        "cpf_cliente": "53201350842",
        "tipo": "Automóvel",
        "dados": {
            "modelo": "",
            "ano": "",
            "placa": "OOO0000"
        }
    },
    {
        "cpf_cliente": "53201390801",
        "tipo": "Vida",
        "dados": {
            "valor_segurado": 1000.0,
            "beneficiarios": []
        }
    },
    {
        "cpf_cliente": "53201390801",
        "tipo": "Automóvel",
        "dados": {
            "modelo": "Mercedes",
            "ano": "2023",
            "placa": "RRR9898"
        }
    }
]